Comment,Likes,Comment_EN,Polarity,Sentiment
denger “naik perahu” fatimah sampe kaget😭 krn that’s the POINT infrastruktur lebih penting,1.1K,"When I heard Fatimah's ""boat ride"" I was shocked 😭 because that's the POINT infrastructure is more important",0.0666666666666667,Positif
fatimah azahra publik speaking nya udah bisa mantatin presiden sama wakilnya😂,524,Fatimah Azahra's public speaking has been able to control the president and his deputy😂,0.25,Positif
Bapak baju hitam punya banyak dapur di daerah Sulawesi makanya membela banget program ini,45,"Mr. Black has many kitchens in the Sulawesi area, so he really defends this program",0.1777777777777778,Positif
Dukung mahasiswa untuk indonesia lebih baik,427,Support students for a better Indonesia,0.5,Positif
"PREEET itu pak siapa yg mewakili pemeritah dari gerindra, perputaran ekonomi apa ???, pasar tradisional skrg sepi pembeli, pedagangnya jg kesulitan membeli (kulakan) dg harga yg sdh tinggi krn sdh diborong SPPG, akhirnya pedagang kecil kesulitan menjual dagangannya krn hrg jd mahal.",435,"PREEET sir, who represents the government from Gerindra, what is the economic turnaround???, traditional markets are now devoid of buyers, traders are also having difficulty buying (wholesale) at prices that are already high because they have been bought up by SPPG, in the end small traders are having difficulty selling their wares because the prices are so expensive.",-0.08166666666666667,Negatif
RISPEKK BGT SAMA KAK FATIMAH LUVV SANGAT MEWAKILKAN RAKYATT,22,GREAT RISPEKK WITH SISTER FATIMAH LUVV REPRESENTING THE PEOPLE,0.8,Positif
Nama dia aja sebagus itu. Bercahaya banget sesuai nama,186,Even his name is that good. Very bright as the name suggests,0.805,Positif
polisi tidak netral dan sdh berpihak ke penguasa krn punya dapur2x MBG,577,The police are not neutral and have sided with the authorities because they own MBG's kitchens,0.6,Positif
"nahhh ini fungsi MBG itu, biar siswa kuat dayung, hiking, renang, panjat tebing, arum jeram, caving setelah pulang sekolah menuju rumahnyaa, yasalammm",157,"Well, this is the function of MBG, so that students can be strong in rowing, hiking, swimming, rock climbing, white water rafting, caving after school and going home, yasalammm",0.21666666666666667,Positif
Hitung juga berapa banyak porsi yang kebuang jadi pakan ternak. Gak dimakan siswa wkwkw,608,Also calculate how many portions are wasted as animal feed. The students didn't eat it hahaha,0.16666666666666666,Positif
"Harusnya dari awal MBG diprioritaskan untuk T3, bukan diperkotaan dulu.",66,"MBG should have been prioritized for T3 from the start, not urban areas first.",0.125,Positif
"Dia biling mengutungkan UMKM
UMKM yg mana dulu??? 
Lu liat noh UMKM PKL di sekitar sekolahan, boro boro untung semenjak ada MBG dagangan mereka sepi modal terus ke gerus, sebagian UMKM PKL yg di perkampungan menjual makanan tumbang gulung tikar yg masih bertahan pendapatan mereka morosot semenjak ada MBG,, kalo gak percaya silakan survey aja ke setiap sekolahan, MBG di jadikan gurita bisnis dapur para parpol, polisi TNI semua punya bisnis dapur yg kaya makin kaya, sedangkan PKL yg rakyat miskin semakin miskin, di tambah bahan baku pada naik pedagang kecil semakin miskin semakin menderita,
Bener apa kata Fatimah",131,"He said it would benefit MSMEs
Which UMKM first??? 
You look at the PKL UMKMs around schools, they are making a lot of profit since there was MBG, their business is running out of capital and they are being eroded, some of the PKL UMKMs in the villages who sell food have gone bankrupt and are still surviving, their income has plummeted since there was MBG, if you don't believe me, just do a survey at every school, MBG has been used as an octopus for the political parties' kitchen businesses, the TNI police all have kitchen businesses, the rich are getting richer, while the PKLs the poor people",0.056249999999999994,Positif
JUBIR GERINDRA YAA 100% MEMBELA PRABOWO WKWK,181,GERINDRA SPOKE YES 100% DEFENDS PRABOWO WKWK,0.0,Netral
"Ya Allah lindungi anak"" mahasiswa",149,"Ya Allah, protect students and children",0.0,Netral
"Yg wajib wajib di abaikan oleh negara sangat jelas.. yg receh receh di pertegas.. ngapain negara ngurusin makan 😂.. toh selama ini rakyat bisa makan cari sendiri. 

Yg wajib negara ya cerdas kan bangsa dan pelihara dna sejahterakan fakir miskin. 

Bubarkan MBG banyak Mudharat nya",49,"What must be ignored by the state is very clear.. the small change is emphasized.. why is the state taking care of food 😂.. after all this time the people have been able to find their own food. 

What is obligatory for the state is to be smart as a nation and look after and prosper the poor. 

Dissolving MBG will have many disadvantages",0.18489795918367344,Positif
"Bangkit mahasiswa
Demi perbaikan bangsa",142,"Rise up students
For the betterment of the nation",0.0,Netral
لَا إِلٰهَ إِلَّا أَنْتَ سُبْحَانَكَ إِنِّي كُنْتُ مِنَ الظَّالِمِينَ,8,لَا إِلٰهَ إِلَّا أَنْتَ سُبْحَانَكَ إِنِّي كُنْتُ مِنَ الظَّالِمِينَ,0.0,Netral
"Di kampung saya walaupun Plosok miskin tapi kalo soal makanan sehari hari sudah biasa makan makanan kayak MBG itu, yang kami inginkan adalah di sediakan lapangan kerja untuk masyarakat di merata tempat, dan harga barang pokok rakyat jangan terus di naikan harga.",193,"In my village, even though Plosok is poor, when it comes to daily food, we are used to eating food like MBG. What we want is to provide employment opportunities for people in all places, and the prices of people's basic goods should not continue to increase.",-0.13333333333333333,Negatif
"LANJUTKAN MAHASISWA. DANA MBG SEBANYAK ITU MALAH DIBUAT BELI MAKANAN DOANG TANPA MIKIRIN EFEKNYA UNTUK NEGARA SEMUA KENA EFISIENSI DANA CUMA BUAT MBG SAMA KOPDES DOANG. NILAI RUPIAH MENINGKAT, BBM NAIK YA ITU DAMPAK DARI DANA YG DIHAMBUR HAMBURIN",328,"CONTINUE STUDENTS. THAT MUCH OF MBG FUNDS ARE EVEN MADE FOR BUYING FOOD WITHOUT THINKING ABOUT THE EFFECT FOR THE COUNTRY AS WELL AS THE EFFICIENCY OF THE FUNDS IS JUST FOR MBG AND KOPDES ONLY. THE VALUE OF THE RUPIAH IS INCREASING, BBM IS INCREASING, THAT'S THE IMPACT OF THE FUNDS SPENDED BY HAMBURIN",0.1,Positif
"Menurut aku sih mbg harus diberhentikan aja ya karna cuman anak2 yang dapat makanan, orang tua banting tulang semua kebutuhan pokok makin mahal karna mbg yang cuman 1 hari sekali itu pun tidak mengenyangkan mending programnya diganti dengan kebutuhan pokok diturunkan harga jualbelinya ,ini akan lebih bermanfaat jadi anak2 dan orang tua semua dapat manfaatnya",26,"In my opinion, mbg should just be stopped because only the children get food, parents are working hard to make all basic necessities more expensive because mbg, which is only once a day, isn't filling, it's better if the program is replaced with basic necessities, lowering the buying and selling prices, this will be more beneficial so both children and parents can all benefit.",0.07870370370370369,Positif
"dalem hatinya ""tu tau peaa""",92,"in his heart ""you know what""",0.0,Netral
"Ekspresi fatimah gemesin dah, dalam hati ""Whattt...??""",39,"Fatimah's expression was confused, in her heart ""Whattt...??""",-0.4,Negatif
"Stop mbg utamakan pendidikan dan infrastruktur,toh stunting masih naik sampai sekarang 😂 padahal udah menghabiskan dana Rp32,1 triliun,gileeeee era prabowo 😢. Elu ambil dana pendidikan utk hal yang gak penting padahal sdm Indonesia aja masih dibawah rata2 😂😂😂 , minimal kalau mau makan gratis ,kasih ke Papua dulu yang bener2 membutuhkan",18,"Stop prioritizing education and infrastructure, yet stunting is still increasing to this day 😂 even though IDR 32.1 trillion has been spent, gleeeeee the Prabowo era 😢. You take education funds for unimportant things even though Indonesia's human resources are still below average 😂😂😂, at least if you want free food, give it to Papua first who really needs it",-0.01249999999999999,Negatif
​ @MumuchaCha01 kak lihat berita ngk di ada 300 lbih kepsek korup dana Bos,5,"​ @MumuchaCha01 bro, look at the news, there are more than 300 corrupt principals with funds, Boss",0.0,Netral
Ita tau anda gk butuh skrng coba lihat 5-10 thn lagi boleh jadi anda dibawah org2 papua,1,"You know, you don't need it now, try looking in 5-10 years, maybe you will be below the people of Papua",0.0,Netral
" @MumuchaCha01   utamakan pendidikan dan infrastruktur? wkwk di pikir MBG bikin infrastructur dan pendidikan ga di utamain? AHAHHA lu cuma ngeliat MBG nya doang kan karna yang VIRAL cuma MBG, soal sekolah rakyat?, ribuan revitalisasi sekolah?, trus udah brpa puluh jembatan yang udah di bikin buat mempermudah akses GA PERNAH LU LIAT KAN, yang seharusnya kerjaan pemda malah pusat yang ngerjain",3,"@MumuchaCha01  prioritize education and infrastructure? Wow, do you think MBG will make infrastructure and education not a priority? AHAHHA, you only look at the MBG, right because the only thing that is VIRAL is the MBG, about people's schools?, thousands of school revitalizations?, then how many tens of bridges have been built to make access easier, YOU HAVE NEVER SEEN IT, RIGHT, what should be the work of the regional government, instead the center is doing the work.",0.1530612244897959,Positif
iya lagi😂,15,yes again😂,0.0,Netral
"Jalan dan jembatan  itu ada kelas2 tanggung jawabnya ada yang di lakukan pusat, provinsi dan kabupaten, selama bertahun tahun apa saja yang di lakukan pemda dan dana desa??? krn ketidak efisienanya pemda pemerintah pusat mengambil alih ada 300.000 jembatan yang di kerjakan batalio pembangunan untuk jembatan gantung.",3,"Roads and bridges have two categories of responsibility, some are carried out by the central, provincial and district levels. Over the years, what has been done by the regional government and village funds??? Due to the inefficiency of the regional government, the central government took over 300,000 bridges which were being worked on by construction battalions for suspension bridges.",-0.041666666666666664,Negatif
"​ @farizyuniar1637 pernah dengar ga, ada efiensi anggaran besar2 dr dr segala sektor hanya untuk ambisi menjalankan MBG DAN KOPDES, bahkan anggaran kesehatan juga di pangkas buat itu,",15,"​ @farizyuniar1637 have you ever heard that there are huge budget efficiencies from all sectors just for the ambition of running MBG AND KOPDES, even the health budget has also been cut for that,",0.39999999999999997,Positif
​ @farizyuniar1637 justru harusnya dr pusat ada pengawasan...masa sawit aja yg dipelosok keliatan di depan mata..tp hal yg kayak gtu malah kaga keliatan ama pusat??????,3,"​ @farizyuniar1637 In fact, there should be supervision from the center...even the palm trees in remote areas are visible before our eyes...but things like that are not visible to the center??????",-0.1,Negatif
Wkwk senjata makan tuan,1,"Wow, it's a weapon to eat, sir",0.1,Positif
Lebih penting perbaiki rumah mu? dibanding memberi makan anak mu?,1,Is it more important to repair your house? rather than feeding your child?,0.45,Positif
"​ @muhamadfaizal2991 memberi makan anak adalah kewajiban orang tua
Dan memperbaiki infrastruktur adalah kewajiban pemerintah, sampe sini paham?",16,"​ @muhamadfaizal2991 feeding children is a parent's obligation
And improving infrastructure is the government's obligation, up to this point, understand?",0.0,Netral
"​ @muhamadfaizal2991 konteksnya beda laaaahhhh....logikanya gini yaaa...itu anak2 pergi k sekolah beresiko besar yg bisa mengancam nyawa mereka sewaktu2..iya klo mereka bisa nyampe k sekolah buat ngerasain tu MBG, klo engga nyampe????amit2 ya..naudzubillah..logika lo tu ga Apple to Apple..",0,"​ @muhamadfaizal2991 the context is different... the logic is like this... it's a big risk for children going to school which can threaten their lives at any time... yes, if they can get to school to feel like it's MBG, if they don't get there?",0.0,Netral
"Maaf banget ya argumen Fatimah Zahra tentang mana yang lebih urgent Infrastruktur atau program makan, saya lebih berpendapat lebih urgent program makan dulu ketimbang infrastruktur program makan ini sifatnya memutar roda ekonomi rakyat, ada pedagang yang dibeli, ada petani yang hasilnya dibeli, ada pekerja dapur ada supir pengantar ada spareparts mobil yang beli dari bengkel itu semua memutar roda  ekonomi yang selama ini lagi mandek alias rakyat sudah tidak punya daya beli. Infrastruktur dengan alasan perbaikan jalan dan jembatan agar anak bisa sekolah memang bagus tapi itu waktunya lama dan manfaatnya juga lebih banyak untuk kalangan menengah atas sedangkan anak anak sekolah umumnya jarak antara sekolah dan rumahnya tidak begitu jauh kecuali ada beberapa di daerah, mohon maaf kita gak bisa fokus ke satu daerah saja tanpa mikirin yang lain.",1,"I'm really sorry for Fatimah Zahra's argument about which is more urgent: Infrastructure or the food program, I think the food program is more urgent first than infrastructure. This food program is about turning the wheels of the people's economy, there are traders who are bought, there are farmers whose produce is bought, there are kitchen workers, there are delivery drivers, there are car spare parts that are bought from repair shops. These all turn the wheels of the economy which has been stagnant, aka the people no longer have purchasing power. Infrastructure with",0.1875,Positif
​ @Yudha752007  ah masa sih..serius...coba mau ada data kah brpaan % orang yg setuju sma proyek korup ini,0,​ @Yudha752007  ah really...seriously...want to have data on how many % of people agree with this corrupt project,0.0,Netral
"​ @Yudha752007 berapa persen pedagang yang dibeli pihak sppg? Turun ke pasar sini mas, lihat realitanya di lapangan.",0,"​ @Yudha752007 what percentage of traders does sppg buy? Come down to the market here, bro, see the reality on the ground.",-0.15555555555555556,Negatif
" @Yudha752007  Bangun infrastruktur itu juga memutar roda ekonomi.

Poinnya kalo ada infrastruktur, kendaraan jadi lebih mudah sampai ke tujuan, atau bahkan BISA sampai ke tujuan yang sebelumnya tidak bisa dicapai karena tidak ada jalan misalnya. Jadi, infrastruktur bisa menciptakan aksesbilitas ke tempat-tempat dan atau membuat aksesibilitas jadi lebih mudah. MBG itu cuman solusi jangka pendek, dan sebaiknya dilakukan kalo keadaan ekonomi sudah stabil.

Kalo cuman ngomonging soal ""memutar roda ekonomi"" secara dangkal mah ya, semua kegiatan, bahkan tindakan kriminal sebenarnya secara dangkal juga ""memutar roda ekonomi"", tapi liat skala lebih besarnya gimana.",0,"@Yudha752007  Building infrastructure also turns the wheels of the economy.

The point is that if there is infrastructure, it will be easier for vehicles to get to their destination, or they CAN even get to destinations that previously could not be reached because there were no roads, for example. So, infrastructure can create accessibility to places and/or make accessibility easier. MBG is only a short-term solution, and should be implemented when the economic situation is stable.

If you're just talking about ""spinning the wheel",0.011111111111111118,Positif
"kek ""trus lu kasih MBG biar mereka ada tenaga buat naik perahu pas pulang gitu?"" XD",1,"kek ""Then you give them MBG so they have the energy to take the boat when they get home?"" XD",0.0,Netral
"Jujur, kalo gua daripada mikirin ngisi perut.. mendingan bikin gedung sekolahnya sajq biar mereka berangkat sekolah lebih dekat dr rumah, agar tidak perlu cape2 dan jauh naek perahu..",1,"Honestly, if I were thinking about filling my stomach... it would be better to just build a school building so that they go to school closer to home, so they don't have to get tired and take a long boat ride...",0.1625,Positif
​ @AMBASURYANA mantap nii,0,​ @AMBASURYANA that's great,0.8,Positif
Patimahkan orang pendukung bsa pastilah tidak setuju programnya prabowo.,0,"Patimahkan, people who support BSA definitely don't agree with Prabowo's program.",0.0,Netral
Dan pada akhirnya anak2 sekolah bukan karna ingin belajar pintar tp hanya ingin mengambil manakan 😂,0,"And in the end, children go to school not because they want to learn to be smart, but just because they want to eat food 😂",0.21428571428571427,Positif
"Dalam debat ya, kalau mau counter ya ambil pendapat dia yg hoomnya bisa ditimbal balik",0,"In a debate, if you want to counter, take the opinion of the person whose opinion can be countered",0.0,Netral
"Bjir di TT gua liat klip video gini di edit digiring buat penonton salah paham 😂. 
Apalagi yg cuma nonton nonton aja tanpa berpikir apakah itu benar faktanya😂",0,"In TT, I saw a video clip like this edited to make the audience misunderstand 😂. 
Especially those who just watch it without thinking whether it's actually true😂",0.0,Netral
Sebaran banyak di kota karena dikhianati....Prabowo percacaya penuh kepada orang yang memimpin MBG.....artinya bukan di stop....tapi dibenahi....Bang Ferryyyyyy.....😂😂😂😂😂,0,There were a lot of people spreading around the city because they were betrayed....Prabowo has full confidence in the person who leads MBG.....which means it's not stopping....but fixing it....Bang Ferryyyyyy.....😂😂😂😂😂,0.35,Positif
"Infrastruktur memang penting dan mendesak, hanya saja penyelesaian masalah infrastruktur membutuhkan waktu. Pemerintah sudah mengerjakan tugas tersebut. Tetapi hal ini tidak berarti MBG harus dihapuskan secara keseluruhan. MBG juga tetap diperlukan terutama di daerah2 yg tertinggal, terluar, dan terdalam, termasuk yang infrastrukturnya kurang tersebut.",0,"Infrastructure is indeed important and urgent, but solving infrastructure problems takes time. The government has done this task. But this does not mean that MBG should be abolished altogether. MBG is also still needed, especially in underdeveloped, outermost and deepest areas, including those where infrastructure is lacking.",0.18541666666666667,Positif
INDONESIA MEMANG SUMBER KORAPSI TAK TAHU DOSA SEDANG NKRI UMUM ISLAM,0,INDONESIA IS THE SOURCE OF CORRAPTION DOESN'T KNOW SIN WHILE THE NKRI IS GENERALLY ISLAMIC,0.05000000000000002,Positif
Lah bgo infrastruktur itu urusan kepala daerah bgo sebanyak apa pun dana dari pusat kalau di korup sama pemerintah daerah nya ya gak akan jadi tu infrastruktur,0,"Well, infrastructure is the business of regional heads, no matter how much funding comes from the center, if the regional government is corrupt, it won't become infrastructure.",-0.13333333333333333,Negatif
logikanya gimana dah jubir gerindra ini,0,What's the logic behind this Gerindra spokesperson?,-0.4,Negatif
14:15 perubahan ekspresinya ada banget😂,0,14:15 there's a big change in expression😂,0.0,Netral
"Fatimah,..pejuang intelektual muda ❤",0,"Fatimah,..young intellectual warrior ❤",0.3,Positif
Naik perahu masih mending.. Ada tuh yang pake tapi tambang... Ngeriii.. Solusinya dikasih mbg.. Lah dari dulu gak ada mbg urusan makan itu otomatis bisa...,0,"It's still better to take a boat... There are those who use it but it's a mine... It's scary... The solution was given by mbg... Well, from the past, mbg didn't have anything to do with eating, so you can automatically...",-0.08333333333333333,Negatif
"Programnya bagus, tapi banyak yg memanfaatkan dan menyalahgunakan.., Soalnya kalau dilihat dari pertanian, para petani harga stabil ada MBG, gak ada yg demo harga turun karena pemain tengkulak, sebenarnya anggarannya yg dibenahi, bukan pangkas dana pendidikan dan itu tugas presiden saat ini, yang jelas harus tepat sasaran, misalnya lebih ke pengambilan sesuai dengan jatah orang kurang mampu dan bukan seluruh sekolah dapat, lebih baik rutin setiap hari tapi dibagikan anak anak yg bener butuh ya, dari pada di bagi seminggu 2x dan masa anak pejabat juga dapet, sasarannya aja yg tidak tepat, kalau seandainya di ganti uang, kalau orang tuanya bener bisa manage keuangan itu oke, kalau ketemu orang tua pejudi yg tidak memikirkan kesehatan gizi anak? Pro kontra sih menurut aku tergantung sudut pandang, lebih baik urus yg maling tambang aja..😂",2,"The program is good, but many people use it and abuse it... The thing is, if you look at agriculture, the prices for farmers are stable, there is MBG, no one is demonstrating that prices are going down because of middlemen, in fact it is the budget that is being fixed, not cutting education funds and that is the job of the current president, which clearly has to be right on target, for example it should be more about taking according to the share of the less fortunate and not all schools getting it, it is better to do it regularly every day but distribute it to children who really need it, OK?",0.2508994708994709,Positif
" @TragediYT  mengenai gizi anak, orang tua TAU DAN SANGAT TAU apa2 yg bergizi mana yg tidak. yg jd mslh adlh orang tua TIDAK MAMPU menjangkau harga bahan pangan itu. yg harus dibenahi adlh, bagaimana caranya orang tua mampu membeli bahan pangan itu. bs dgn menaikkan UPAH atau ""membuat"" harga pangan menjadi terjangkau",3,"@TragediYT  regarding children's nutrition, parents KNOW AND REALLY KNOW what is nutritious and what is not. The problem is that parents CANNOT afford the price of food. What needs to be addressed is how parents can afford to buy food. can be done by increasing WAGES or ""making"" food prices affordable",0.2,Positif
"​ @TragediYT Ya kan dari awal emang sudah dicegah dari kalangan masyarakat dan mahasiswa. Kan udah pasti jadi ladang korupsi, mau gimana lagi. Sistemnya aja bermasalah ya sudah pasti programnya bermasalah juga",1,"​ @TragediYT Yes, from the start it was prevented from the community and students. It's sure to become a field for corruption, what can we do? Even if the system has a problem, it's certain that the program has a problem too",0.35714285714285715,Positif
" @TragediYT  sebenarnya banyak cara untuk membantu petani dan peternak demi menstabilkan harga yg diterima peternak maupun petani. contoh subsidi pupuk maupun pakan. subsidi kesehatan ternakberupa bantuan dokter2 hewan, hapuskan sistem tengkulak, bantu petani dan peternak untuk terhubung lgsg dgn toko2 dan atau konsumen akhir. krn yg merusak harga itu sebenarnya adlh para tengkulak",0,"@TragediYT  actually there are many ways to help farmers and breeders to stabilize the prices received by breeders and farmers. examples of fertilizer and feed subsidies. livestock health subsidies in the form of assistance to veterinarians, eliminating the middleman system, helping farmers and breeders to connect directly with shops and/or end consumers. because the ones who destroy prices are actually the middlemen",0.07999999999999999,Positif
Bedakan program pemerintah pusat dan program daerah,1,Distinguish between central government programs and regional programs,0.0,Netral
​ @fahriiimfw8177 ya kalo pusat dah tau itu masalah kenapa ngga di bantu arahin?,18,"​ @fahriiimfw8177 Well, if the center already knew it was a problem, why didn't they help direct it?",0.0,Netral
 @fahriiimfw8177  lu gatau anggaran daerah diefisiensi buat MBG dan Kopdes? Tau ga heh jawab,10,"@fahriiimfw8177  don't you think regional budgets have been made efficient for MBG and Kopdes? Do you know, answer?",0.0,Netral
​ @fahriiimfw8177 lah kocak,3,​ @fahriimfw8177 is hilarious,0.5,Positif
"Jokowi fokus infrastuktur
disalahin jg sama Netizen.....
huffhhtt",1,"Jokowi focuses on infrastructure
Netizens also blame them.....
huffhhtt",0.0,Netral
"​ @mataharisurya-k1v Salahnya itu setiap program disamaratakan. Setiap wilayah punya kebutuhan yg berbeda. Seperti MBG ini, yg butuh daerah 3T. Tapi dapur SPPG nya malah lebih banyak di perkotaan yg jumlah stuntingnya lebih sedikit.
Toh yang namanya pemimpin harus mendengarkan keluh kesah. Kalau salah ya perlu diperbaiki, kalau benar ya kita apresiasi. Kita gak fokus nyalahin jokowi, prabowo, atau siapapun itu secara personal. Pemimpin memang harus mau dikritisi kebijakannya. Gak semua bisa jadi pemimpin kan? Pemimpin emang gak boleh baper dan ngambekan. Sejak awal dia harus siap konsekuensinya mendengar 275 juta orang yg dia pimpin.",19,"​ @mataharisurya-k1v The fault is that every program is generalized. Each region has different needs. Like this MBG, which requires a 3T area. But there are more SPPG kitchens in urban areas where the number of stunting is lower.
After all, leaders must listen to complaints. If it's wrong, it needs to be corrected, if it's right, we appreciate it. We are not focused on blaming Jokowi, Prabowo, or anyone else personally. Leaders must be willing to be criticized for their policies. Not everything can be done",0.07653061224489796,Positif
Para mahasiswa ini emang perlu surve daerah daerah...terutama luar Jawa.. Buat meraka paham kondisi sebenarnya  jadi gak asal ngomong,2,These students really need to survey areas... especially outside Java... To make them understand the real conditions so they don't just talk.,0.13333333333333333,Positif
​ @JoniKALAMMOTOR keliatanya km punya dapur MBG,13,​ @JoniKALAMMOTOR looks like you have an MBG kitchen,0.0,Netral
"@Jon @JoniKALAMMOTOR DAH TAU KONDISI SUSAH KAYA GITU KENAPA HARUS DI COBAIN SEMUA RAKYAT? KENAPA MALA NYURU MAHASISWA IKUT COBAIN? APA KALO ORANG KRITIK YANG COBAIN KESULITAN GITU NAIK PERAHU BAKAL PERBAIKI KEADAAN? NGGAK KAN? KENAPA NGGA PEMERINTAH YG KELAS ADA UANG ADA ANGGARAN NGGA BENERIN INFRASTURKTURNYA BIAR NGGA PAKE PERAHU LAGI? Ini common sense jir, kaya apa otak lu ga muter mikir kaya gitu?",8,"@Jon @JoniKALAMMOTOR YOU KNOW THAT CONDITIONS ARE SO DIFFICULT, WHY SHOULD ALL PEOPLE TRY? WHY DOES MALA URGE STUDENTS TO JOIN COBAIN? WHAT IF A CRITICIOUS PEOPLE TRIED THAT DIFFICULTY OF RIDING A BOAT WOULD IMPROVE THE Situation? ISN'T IT? WHY CAN'T A CLASS GOVERNMENT THAT HAS MONEY AND A BUDGET HAVE INCREASED ITS INFRASTURCTURE SO THEY DON'T USE BOATS ANYMORE? This is common sense, sir, how can your brain not think like that?",-0.4,Negatif
"​ @JoniKALAMMOTOR Gak usah keluar jawa, di jawa barat siswa yg keracunan MBG aja banyak. Nonton beritanya nggak? Justru di luar pulau yg dapet MBG sedikit banget secara statistik, malah ngumpulnya di pulau Jawa.",7,"​ @JoniKALAMMOTOR You don't need to leave Java, in West Java there are a lot of students who are poisoned by MBG. Do you watch the news? In fact, statistically very few people get MBG outside the islands, instead they gather on the island of Java.",-0.13,Negatif
Bedaaa kelasssss,5,Different classessss,0.0,Netral
"Lenserkan,TDK butu pemerinta pembohonggg",4,"Lenser it, TDK needs a lying government",0.0,Netral
Publik speaking tidaklah semudah kerja2 di lapangan.debat dn dialok di ruangan ber AC tidaklah semudah dilapangan menuju Indonesia yg di harapkan.smg pemerintah mengangkat orang2 kritis untuk di ikut sertakan kelapangan jika selama 2.sampai 3 bulan ada perubahan yg di harapkan.lantik saja terus di bidangnya masing2 jika harapannya tidak sekata.itu hanya oman2 sj.,1,Public speaking is not as easy as working in the field. Debating and dialogue in an air-conditioned room is not as easy as being in the field in Indonesia as expected. The government appoints critical people to participate in the field if within 2 to 3 months there are changes that are expected. Just keep appointing them in their respective fields if the expectations are not the same. That's just bullshit.,0.08333333333333334,Positif
Mantaplah Fatimah demi keselamatan negeri dan rakyatnya,1,Be strong Fatimah for the safety of the country and its people,0.43333333333333335,Positif
yg ada presiden ngangongangong,1,the one with the president ngangongangong,0.0,Netral
Iya karena dia hanya bicara di studio penyiaran bukan di depan pemimpin negara lain apalagi di depan majelis PBB,0,"Yes, because he only spoke in the broadcast studio, not in front of leaders of other countries, let alone in front of the UN assembly",-0.0625,Negatif
😂😂😂,0,,0.0,Netral
Bohong itu pergi sekolah TDK makan,0,It's a lie that you don't eat when you go to school,0.0,Netral
Piinter ngomong wkwkwk sibuk demo masalah mbg masalah pertamak kopdes ijazah wkwkkw apa lah bangsa ini gimna mau maju lihat bangsa lain sibuk bahas kemajuan teknologi dan energi terbarukan...ini Konoha hadeee,4,Smart talking wkwkwk busy with demonstrations mbg problems first problem kopdes diploma wkwkkw what is this nation how is it going to progress looking at other nations busy discussing technological progress and renewable energy...this is Konoha hadeee,0.10785714285714285,Positif
" @RikiHartawan-p3p kualitas otak bangsa ini mayoritas hanya melihat surface bro, kalau sampai analisis mendalam, masih belum mampu",0,"@RikiHartawan-p3p The majority of this nation's brain quality only looks at the surface bro, if it comes to in-depth analysis, they are still not capable",-0.05,Negatif
belum tentu nanti kalo jadi presiden lupa bisa jual aset negara 🤣,1,It's not certain that if you become president you will forget that you can sell state assets 🤣,-0.10714285714285714,Negatif
"​ @agustrianto8482 ga nyambung, org ngomongi public speaking responnya ntah ke mana",33,"​ @agustrianto8482 can't connect, people talk about public speaking but don't know where the response goes",0.0,Netral
​ @agustrianto8482 buzzer wowo tidak paham konteks 😂,10,​ @agustrianto8482 buzzer wowo don't understand the context 😂,0.0,Netral
​ @agustrianto8482 kalo ngetik sesuai konteks gus,0,"​ @agustrianto8482 if you type according to context, Gus",0.0,Netral
"Maaf banget ya argumen Fatimah Zahra tentang mana yang lebih urgent Infrastruktur atau program makan, saya lebih berpendapat lebih urgent program makan dulu ketimbang infrastruktur program makan ini sifatnya memutar roda ekonomi rakyat, ada pedagang yang dibeli, ada petani yang hasilnya dibeli, ada pekerja dapur ada supir pengantar ada spareparts mobil yang beli dari bengkel itu semua memutar roda  ekonomi yang selama ini lagi mandek alias rakyat sudah tidak punya daya beli. Infrastruktur dengan alasan perbaikan jalan dan jembatan agar anak bisa sekolah memang bagus tapi itu waktunya lama dan manfaatnya juga lebih banyak untuk kalangan menengah atas sedangkan anak anak sekolah umumnya jarak antara sekolah dan rumahnya tidak begitu jauh kecuali ada beberapa di daerah, mohon maaf kita gak bisa fokus ke satu daerah saja tanpa mikirin yang lain.",1,"I'm really sorry for Fatimah Zahra's argument about which is more urgent: Infrastructure or the food program, I think the food program is more urgent first than infrastructure. This food program is about turning the wheels of the people's economy, there are traders who are bought, there are farmers whose produce is bought, there are kitchen workers, there are delivery drivers, there are car spare parts that are bought from repair shops. These all turn the wheels of the economy which has been stagnant, aka the people no longer have purchasing power. Infrastructure with",0.1875,Positif
"lihat beberapa faktanya, pasar sepi, sppg minta pemalsuan nota (harga​ roti diminta dinaikkan gk sesuai realita)",8,"look at some of the facts, the market is quiet, sppg asks for falsification of notes (the price of bread is asked to be increased not according to reality)",0.0,Netral
"​ @Yudha752007 nggak juga bang justru banyak yang manfaatin MBG di daerah saya banyak kok orang yang udah jadi agen tiba-tiba harga telur ama ayam di naikin padahal kemarin"" Harganya gak semahal itu. Kasihan rakyat biasa yang mau beli masa harganya mahal sih",2,"​ @Yudha752007 No, bro, in fact there are a lot of people who use MBG in my area, how come there are a lot of people who have become agents, suddenly the price of eggs and chickens has increased even though yesterday"" The price is not that expensive. It's a pity for ordinary people who want to buy it when the price is expensive.",-0.27,Negatif
 @Yudha752007 fatima itu orangnya oligarki,1,@Yudha752007 Fatima is an oligarch,0.0,Netral
"Para Guru bingung kemana mereka harus mengadu terkait pemotongan anggaran pendidikan, karena institusi seperti TNI, Polri, dan DPR RI juga memiliki dan mengelola dapur SPPG. MenKo Zulhas benarkan adanya pemborosan anggaran MBG Rp1 triliun/bulan karena ada jual beli titik SPPG,  penyaluran MBG tak tepat dan kelebihan titik SPPG. Dan Program MBG membuat guru kehilangan waktu mengajar karena harus mengurusi distribusi, penataan bekal, hingga pencucian wadah makanan🤗",8,"Teachers are confused about where they should complain regarding education budget cuts, because institutions such as the TNI, Polri and DPR RI also own and manage SPPG kitchens. Coordinating Minister Zulhas confirmed that there was a waste of the MBG budget of IDR 1 trillion/month because there was buying and selling of SPPG points, improper distribution of MBG and excess SPPG points. And the MBG Program causes teachers to lose teaching time because they have to take care of distribution, arranging supplies, and even washing food containers🤗",0.07999999999999999,Positif
Ga percaya SM mahasiswa lht THN 98.hingga skrg ini mangkin hancur negara.,2,I can't believe that SM students from 1998 have probably destroyed the country.,0.0,Netral
​ @AdamSiagian-k4r Bukan Mahasiswa tapi Sistemnya😮,0,​ @AdamSiagian-k4r Not the Student but the System😮,0.0,Netral
Mahasiswa yg mana...yg jd budak soross? Nooooo,1,Which student...is Soross' slave? Noooo,0.0,Netral
"Mahasiswa gagal menjadi penyambung lidah rakyat, sebaliknya mereka jadi penyambung lidah mereka2 yang kontra mbg saja. Suara rakyat yang menerima manfaat mbg seolah tidak didengar sama sekali dengan berimbang.

Dear mahasiswa, murnikan kajian agar gerakan kalian tidak dipakai oleh aktor2 politik dari pihak manapun. Dengarkan suara dari kedua kubu, dan kaji dengan dalam untuk memberikan solusi dan kritik  tajam tak terelakkan pada pemerintah. Kembalikkan marwah kalian sebagai penyambung lidah rakyat. Atau suara kalian hanya akan jadi suara sebagian segmen rakyat bernama mahasiswa",1,"Students failed to become the mouthpiece of the people, instead they became the mouthpiece for those who were against MBG. The voices of the people who receive mbg benefits do not seem to be heard at all in a balanced manner.

Dear students, purify your studies so that your movement is not used by political actors from any party. Listen to voices from both camps, and study them deeply to provide solutions and inevitable sharp criticism to the government. Restore your dignity as a mouthpiece for your shelves",-0.125,Negatif
Jaminannya apa??,0,What's the guarantee??,0.0,Netral
Kita tahu proses pemilihan Rektor dari setiap kampus Negri ngak? Lo pikir murni dari jenjang jabatan/kariri akademis si Dosen. Disana banyak kepentingan partai untuk menanamkan orang-orang yg berafiliasi pada politik tertentu. Karena Jabatan Rektor/dosen pada Kampus Negri itu adalah ASN yg penunjukan kannya tidak murni berdasarkan Prestasi.,0,Do we know the process for selecting the Chancellor of each state campus or not? You think purely from the lecturer's academic position/career level. There are many parties' interests in instilling people who are affiliated with certain politics. Because the position of Chancellor/lecturer at the State Campus is an ASN whose appointment is not purely based on achievement.,0.1642857142857143,Positif
Saya dukung,0,I support,0.0,Netral
"11:20 dulu alasannya stunting.. lalu2 bagi2 buat semua.. sekarang alasannya diganti.. 😄

Emang bicara sama munafik itu susah ..ga bisa dipegang. Tapi pembicara yg cerdas harusnya bisa membuka kebusukan perilaku seperti itu.",3,"11:20 first the reason was stunting.. then shared it for everyone.. now the reason has been changed.. 😄

It's true that talking to hypocrites is difficult... you can't hold it. But an intelligent speaker should be able to expose the rotten nature of such behavior.",0.2333333333333333,Positif
"Masyarakat luas akan mendukung mahasiswa, namun hati2 terhadap para penjilat dalam tubuh bangsa ini.",2,"The wider community will support students, but be careful of the sycophants within this nation.",-0.1,Negatif
Mless ah dulu juga bnyk kyk gto...,0,"Mless, there used to be a lot like that...",0.0,Netral
Cuuuiiiiiiih,0,Cuuuiiiiiiih,0.0,Netral
"itu ada bos nya mba , bukan donasi , maha siswa sewaan, bikin rusuh aj, ini lah perangnya indonesia, lagi di adu domba.....asing..",0,"That's the boss, sis, not a donation, you're a hired student, just causing chaos, this is Indonesia's war, it's being pitted against each other... foreigners...",-0.125,Negatif
Tpi mahasiswa nya jujur ygvdemo kebanyakan fomo sebenarnya lebih penting untuk demo perampasan aset dan ganti ketua DPR,0,"But the honest students who are demonstrating are mostly fomo, actually it is more important to demonstrate to confiscate assets and replace the chairman of the DPR",0.5,Positif
"saya yakin demo ini , hanya bikin   rusuh masarakat, pasti mahasewa",4,"I'm sure this demonstration will only cause chaos in the community, it will definitely be a crowd",0.16666666666666666,Positif
"​ @Surur-x9t7c  mereka bayar ukt juga mampu, ngapain harus disewa kocak, mikir lah buzzer wowo",5,"​ @Surur-x9t7c  they pay ukt so they can afford it, why do they have to rent it's hilarious, think about it buzzer wowo",0.5,Positif
"Maaf banget ya argumen Fatimah Zahra tentang mana yang lebih urgent Infrastruktur atau program makan, saya lebih berpendapat lebih urgent program makan dulu ketimbang infrastruktur program makan ini sifatnya memutar roda ekonomi rakyat, ada pedagang yang dibeli, ada petani yang hasilnya dibeli, ada pekerja dapur ada supir pengantar ada spareparts mobil yang beli dari bengkel itu semua memutar roda  ekonomi yang selama ini lagi mandek alias rakyat sudah tidak punya daya beli. Infrastruktur dengan alasan perbaikan jalan dan jembatan agar anak bisa sekolah memang bagus tapi itu waktunya lama dan manfaatnya juga lebih banyak untuk kalangan menengah atas sedangkan anak anak sekolah umumnya jarak antara sekolah dan rumahnya tidak begitu jauh kecuali ada beberapa di daerah, mohon maaf kita gak bisa fokus ke satu daerah saja tanpa mikirin yang lain.",0,"I'm really sorry for Fatimah Zahra's argument about which is more urgent: Infrastructure or the food program, I think the food program is more urgent first than infrastructure. This food program is about turning the wheels of the people's economy, there are traders who are bought, there are farmers whose produce is bought, there are kitchen workers, there are delivery drivers, there are car spare parts that are bought from repair shops. These all turn the wheels of the economy which has been stagnant, aka the people no longer have purchasing power. Infrastructure with",0.1875,Positif
Iya ini fakta pasar sepi,18,"Yes, this is a fact that the market is quiet",0.0,Netral
​​​ @abdulrahim-ku6mx bukan gara gara Prabowo tapi Jokowi sejak jaman Jokowi Pakdemu,2,​​​ @abdulrahim-ku6mx not because of Prabowo but Jokowi since the time of Jokowi Pakdemu,0.0,Netral
"Di daerah asalku, petani panennya di drop mbg. Yg orang pasar kulakan sdh gk kebagian. Alhasil ada tapi mahal banget. 
Sejak adanya mbg sayur an, komoditas pertanian jadi mahal banget. Petani ya suka aja, panennya diborong semua dia gk sush jual ke pasar yg kadang gk laku",7,"In my hometown, farmers drop mbg. I can't get the ones that the market people sell. The result is there but it is very expensive. 
Since the introduction of vegetables, agricultural commodities have become very expensive. Farmers just like it, they buy up all their harvest, they don't have to bother selling it at the market, which sometimes doesn't sell",-0.65,Negatif
" @SurabayaJaya-y8n  bagus dong, petani gak kenak tengkulak, harga gak bisa dimainin, langsung menuju dapur dan disantap anak anak, kan gak semua anak anak- bapaknya pedagang, kalo bapaknya pedagang semua sih ya merugikan anak. kalo gak semua ya, adil dong gak ada monopoli",2,"@SurabayaJaya-y8n  that's good, farmers don't have to worry about middlemen, prices can't be manipulated, they go straight to the kitchen and are eaten by the children, not all children have fathers who are traders, if the father is a trader everything is detrimental to the children. If not all of them, it's fair, there's no monopoly",0.5333333333333333,Positif
Suruh main kepasar ka😂,4,Tell me to play at the market 😂,0.0,Netral
"​ @iyam7504 seluruh kebutuhan hidup presiden di tanggung negara dari uang pajak, sekalipun telor minyak sayur harga 1 triliun, dia presiden tidak akan merasakan dampaknya",1,"​ @iyam7504 all of the president's living needs are borne by the state from tax money, even if the price of vegetable oil eggs is 1 trillion, the president will not feel the impact",0.0,Netral
Kurang pinter emang ! Ga cm itu umkm yg jualan di kantin2 sekolah ikut tersingkirkan oleh dapur “politisi”,3,"Not very clever indeed! Not only that, small-scale people who sell in school canteens are being pushed aside by ""politicians"" kitchens.",-0.04006410256410256,Negatif
Masyarakat jangan terpengaruh karena kelompok yg ga suka pemerintah karena aspirasi ada tempatnya jangan terulang seperti 98 karena mereka yg ga kebagian tempat di negara ini ingin negara ini kacau kalo negara ini ga lurus ayo kita bikin lurus dengan cara yg benar dan elegan buat mahasiswa jangan gampang terprovokasi kalian lah..calon pemimpin maka bijaklah dalam melihat sesuatu,2,"Society should not be influenced by groups that don't like the government, because aspirations have a place, don't repeat things like 98 because those who don't have a place in this country want this country to be chaotic. If this country is not straight, let's make it straight in the right and elegant way for students, don't be easily provoked, you guys...future leaders, be wise in seeing things",0.3365079365079365,Positif
"​ @Suharno17 ada bara ada api , presiden pimpin negara bukan hanya ingin berstatus presiden,oke gass oke gass telor busuk loe",1,"​ @Suharno17 there are embers and there is fire, the president leads the country, he doesn't just want to have the status of president, okay gass okay gass your rotten egg",0.5,Positif
"Eh ini jujur betul banget, gak ada perputaran ekonomi semenjak ada mbg, malah Ibu2 senang belanja kalau mbg lagi libur karna bahan2 di pasar murah, tapi pas mbg jalan lagi, bahan2 dipasar jadi mahal lagi😢 asli sih mbg ini gak ada gunannya",2,"Eh, this is really honest, there has been no economic turnaround since mbg existed, in fact mothers like to shop when mbg is on holiday because the ingredients in the market are cheap, but when mbg travels again, the ingredients in the market become expensive again😢 the truth is, mbg, there's no point in this",0.1,Positif
"Sepi apanya? Hubungannya apa mbg dengan sepi? Toh mbg belanja bukan dipasar, dan yang makan mbg juga cuma satu kali, masa iya mempengaruhi pasar sepi🤣🤣",1,"How quiet is it? What does it have to do with silence? After all, mbg doesn't shop at the market, and only eats mbg once, so that's why the market is quiet🤣🤣",0.0,Netral
"​ @RusliMuhyidin bapak ini, ga tahu hukum ekonomi ya, ketika bahan pokok diborong MBG Maka kesediaan bahan di pasar kurang, mendorong harga.jadi.mahal....jangn jadi pencuci pemerintah bang",12,"​ @RusliMuhyidin this gentleman, doesn't know the laws of economics, when basic materials are bought up by MBG then the availability of materials on the market is less, pushing up prices. So. expensive.... don't be a launderer for the government, bro.",-0.2222222222222222,Negatif
 @RusliMuhyidin  MBG beli langsung ke tengkulak. produsen over demand = harga naik. belajar ekonomi supply - demand bang,6,@RusliMuhyidin  MBG buys directly from middlemen. producers over demand = prices rise. learn supply-demand economics bro,0.1,Positif
"​ @RusliMuhyidin sedikit cerita ni bang dari ibuk saya pedagang dipasar, ibu saya kerap kali mengeluh barang di tengkulak kerap kali habis/sedikit karena sppg ikutan belanja bahan di tengkulak. Misalkan biasanya bisa ambil cabai 15kg dapanya cuma 3-5kg itu juga berdampak pada pasar bang dimana jika bahan baku pasar sedikit pengaruh pula sama penghasilan dan pasar yang sepi karena kelangkaan bahan baku di pasar. Sekarang mau jualan apa kalau di pasar tidak ada barang mau beli apa kalau pasar tidak ada barang. Dan itu yang merasakan  tidak cuma ibu saya tapi pedagang lainya juga terutama bahan pangan.",2,"​ @RusliMuhyidin This is a little story from my mother, a market trader, my mother often complains that the goods at the middleman are often out of stock/in short supply because SPPG also buys materials from the middleman. For example, if you can usually take 15kg of chili, you can only get 3-5kg, this also has an impact on the market, where if the raw materials on the market are small, it will also affect income and the market will be quiet due to the scarcity of raw materials in the market. Now, what do you want to sell if there are no goods in the market? What will you buy if there is no market?",-0.14155982905982908,Negatif
Hahahahahag ini lo buktinya udah ada huuuu mantabb bang,1,"Hahahahahag, the proof is there, huuuu, that's great, bro",0.8,Positif
Betul karena banyak kebutuhan barang pasti harga naik. Makin menjerit lah warga. Mafia semua ini.,1,"It's true that because there is a lot of demand for goods, prices will definitely rise. The people screamed even more. Mafia all this.",0.2833333333333333,Positif
"Emang tujuannya itu,, menyerap hasil pertanian dan peternakan,, umkm lah pokoknya.. Adapun pedagang sampai kelangkaan stock, itu peluang untuk petani untuk meningkatkan produktivitas ,, disisi lain jadi suplier sppg, disisi lain juga jual kepasar,, kalau dibilang pasar sepi, berarti ngga ada kelangkaan barang,, sepi itu jika pembeli sedikit tapi barang banyak melimpah,, jika pembeli banyak dan barang sedikit, pasar rame.",0,"That's the goal, to absorb agricultural and livestock products, SMEs are the main thing... As for traders and stock shortages, that's an opportunity for farmers to increase productivity... On the other hand, become a supplier of SPPG, on the other hand, also sell to the market. If you say the market is quiet, it means there is no shortage of goods. It's quiet if there are few buyers but there is an abundance of goods. If there are lots of buyers and few goods, the market is busy.",-0.04791666666666666,Negatif
" @kanayama90  sayur ya tetap harganya perikat dan melimpah dipasar, tempe,tahu, telur ya ada, malah sepi pembelinya. memangnya dia ke pasar siang kali jam 12 waktu tutup",0,"@kanayama90  Yes, vegetables are still priced per bundle and are abundant in the market, tempeh, tofu, eggs are available, but there are few buyers. In fact, he goes to the market in the afternoon at 12 o'clock when it closes",0.26666666666666666,Positif
"Kata siapa pasar sepi??
Kata siapa SPPG membeli dengan harga tinggi??
Pdahal di daerah saya yang tambah mahal hanya beras. Cabe, bawang, telur, ayam, daging, ikan harga masih normal, naik turun y pling 1 sampai 2 ribu. Kyanya kamu yang gk pernah belanja ke psar deh",0,"Who said the market is quiet??
Who said SPPG bought at a high price??
Even though in my area the only thing that is increasingly expensive is rice. Chilli, onions, eggs, chicken, meat and fish prices are still normal, fluctuating from 1 to 2 thousand. Looks like you've never shopped at the market",-0.13166666666666665,Negatif
​ @EkirizkiyaniEres udah nyicil apa aja selama kerja di sppg?,0,​ @EkirizkiyaniEres what have you paid in installments while working at SPPG?,0.0,Netral
Dia sedang membodohi publik,0,He is fooling the public,0.0,Netral
"Berarti petani di daerahmu sedikit. 
 Kami di sulawesi tengah tdk ada yg bgitu, harga naik atau barang yg mau di jual tdk tersedia krn habis di borong sppg. Itu krn petani di sini banyak sehingga tdk berkekurangan bahkan sangat melimpah dan satu lagi harga tetap stabil.",0,"This means there are few farmers in your area. 
 We don't have anything like that in Central Sulawesi, prices have gone up or the goods we want to sell are not available because they are sold out at SPPG. That's because there are so many farmers here that there's no shortage, in fact there's a lot of it, and what's more, prices remain stable.",0.12,Positif
mereka menutup mata,0,they close their eyes,0.0,Netral
JUSTRU SEPI PEMBELI KARENA SEJAK PEMERINTAHAN JOKOWI EKONOMI TIDAK JALAN ALIAS MANDEG SEHINGGA DAYA BELI RAKYAT MENURUN.,0,"IN ACCURATELY, THERE ARE LOW BUYERS BECAUSE SINCE THE JOKOWI GOVERNMENT THE ECONOMY IS NOT GOING, AKA STANDLING SO THE PEOPLE'S PURCHASING POWER IS DECLINED.",0.20000000000000004,Positif
 @Yudha752007  ya makanya kan skrg kelanjutan jokowi,0,"@Yudha752007  Yes, that's why it's Jokowi's continuation now",0.0,Netral
ia bkn buat penjual yg udh ada tp kluarga sndri yg berbisnis,0,"It's not for existing sellers, but for their own family who are doing business",0.6,Positif
Semenjak ada online pasar semakin sepi,0,"Since going online, the market has become quieter",0.0,Netral
Yg dari Gerindra levelnya msh dibawah Fatimah dari bicara statementnya,0,The one from Gerindra is still below Fatimah's level based on her statement,0.0,Netral
​ @Assyifa-v5l SETUJUUU,0,​ @Assyifa-v5l AGREE,0.0,Netral
Benar.. Pedagang buah di kotaku mengeluh.. Harga kelengkeng naik 2 kali lipat akhirnya sepi pembeli,0,That's right.. Fruit traders in my city are complaining.. The price of longan has doubled and finally there are no buyers,0.14285714285714285,Positif
Biasanya sppg justru mncari harga murah bukan harga tinggi.maka dari itu dapur sppg sering beli barang ditempat tangan pertama Krn mau harga yg lebih murah agar cukup biaya nya.jika dikatakan dapur membli  barang yg mahal dn harga tinggi tidak mungkin Krn sppg sebisa mungkin mencari harga yang murah dengan kualitas yg bagus.jika kamu katakan SpgG membeli barang dengan harga tinggi maka banyak dapur yang putar otak untuk mencukupi biaya yg SDH disedia kn dengan terbatas.,8,"Usually sppg actually looks for cheap prices, not high prices. That's why sppg kitchens often buy goods first hand because they want cheaper prices to cover the costs. if you say kitchens buy expensive goods at high prices, it's impossible because spgg tries to look for cheap prices with good quality as much as possible. if you say spgg buys goods at high prices, then many kitchens are racking their brains to meet the limited costs that SDH provides.",0.06012698412698413,Positif
"​ @fauzanlaila5524  Justru karena SPPG borong langsung dalam skala besar di tangan pertama, pasokan barang buat pedagang pasar tradisional jadi langka. Hukum ekonomi dasar: barang langka = harga kulakan naik. Jadi maksudnya @endanksoekamti5577 itu bukan SPPG sengaja beli mahal, tapi efek borongnya SPPG yang kamu jelasin itu bikin harga di pasar naik alias mahal & mencekik pedagang kecil",1,"​ @fauzanlaila5524  Precisely because SPPG wholesales directly on a large scale first hand, the supply of goods for traditional market traders has become scarce. Basic economic law: scarce goods = rising wholesale prices. So what @endanksoekamti5577 means is not that SPPG deliberately buys expensively, but the wholesale effect of SPPG that you explain is that it makes prices in the market rise, aka expensive & strangles small traders.",-0.020634920634920634,Negatif
" @fauzanlaila5524  gak riset dia ,langsung darderdor sentimen🤣",0,"@fauzanlaila5524  didn't research him, just got straight to the sentiment🤣",0.2,Positif
Nama putrinya Nabi,5,The name of his daughter is the Prophet,0.0,Netral
"Maaf banget ya argumen Fatimah Zahra tentang mana yang lebih urgent Infrastruktur atau program makan, saya lebih berpendapat lebih urgent program makan dulu ketimbang infrastruktur program makan ini sifatnya memutar roda ekonomi rakyat, ada pedagang yang dibeli, ada petani yang hasilnya dibeli, ada pekerja dapur ada supir pengantar ada spareparts mobil yang beli dari bengkel itu semua memutar roda  ekonomi yang selama ini lagi mandek alias rakyat sudah tidak punya daya beli. Infrastruktur dengan alasan perbaikan jalan dan jembatan agar anak bisa sekolah memang bagus tapi itu waktunya lama dan manfaatnya juga lebih banyak untuk kalangan menengah atas sedangkan anak anak sekolah umumnya jarak antara sekolah dan rumahnya tidak begitu jauh kecuali ada beberapa di daerah, mohon maaf kita gak bisa fokus ke satu daerah saja tanpa mikirin yang lain.",0,"I'm really sorry for Fatimah Zahra's argument about which is more urgent: Infrastructure or the food program, I think the food program is more urgent first than infrastructure. This food program is about turning the wheels of the people's economy, there are traders who are bought, there are farmers whose produce is bought, there are kitchen workers, there are delivery drivers, there are car spare parts that are bought from repair shops. These all turn the wheels of the economy which has been stagnant, aka the people no longer have purchasing power. Infrastructure with",0.1875,Positif
​ @Yudha752007 kamu dibayar berapa kak buat nulis komennya?,34,​ @Yudha752007 how much do you get paid for writing comments?,0.2,Positif
 @Yudha752007  bro berpikir sangat dangkal,8,@Yudha752007  bro thinks very shallow,-0.43333333333333335,Negatif
​ @Yudha752007 komenan pegawai SPPG😂😂,2,​ @Yudha752007 SPPG employee comment😂😂,0.0,Netral
Banyak banget santri di cabulin kyai.,0,Many students are sexually assaulted by clerics.,0.5,Positif
​ @Glowingwand3078 ini kenapa om? Apa hubungannya ini?,16,​ @Glowingwand3078 why is this uncle? What does this have to do with anything?,0.0,Netral
​ @Glowingwand3078  Ini apa woi ga nyambung 😭,3,"​ @Glowingwand3078  What is this, wow, it doesn't connect 😭",0.1,Positif
"​ @Glowingwand3078  inget perkataan ku ya, wanita yang berhijab itu TIDAK SEMUANYA SANTRI berhijab itu karena KEWAJIBAN.


Argumen lu ga nyambung dengan yang di vidio atau di komentar.",1,"​ @Glowingwand3078  remember what I said, NOT ALL STUDENTS who wear the hijab wear the hijab because of OBLIGATION.


Your argument doesn't relate to what's in the video or comments.",0.0,Netral
itu sudah didesain sejak semula,11,it was designed from the beginning,0.0,Netral
​ @datura_fructus aduh kalau yg ngomong orang2 gerendra semua ikan tapi kenyatak nya telekkk semua,3,​ @datura_fructus oh when people say they catch all the fish but in reality they are all telekk,0.0,Netral
Semua dirangkul sang  CEO dalam bentuk dapur😂😂,8,Everything is embraced by the CEO in the form of a kitchen😂😂,0.0,Netral
 @agustinussibarani6588  seluruh partai juga sdh di sandera lagi lewat mbg,5,@agustinussibarani6588  the entire party has also been held hostage again via mbg,0.0,Netral
MBG bukan harus di perbaiki  tapi harus di SETOP .,8,"MBG doesn't have to be repaired, it has to be STOPPED.",0.0,Netral
​ @YasalunaAdi kamu tidak peduli orang miskin yang membutuhkan MBG,0,​ @YasalunaAdi you don't care about poor people who need MBG,-0.4,Negatif
